file:///C|/Users/grant.ficek/Desktop/DrupalPDFs/16bsaicoopallocations.pdf,16bsaicoopallocations.pdf,Passed: 28,Failed: 1
file:///C|/Users/grant.ficek/Desktop/DrupalPDFs/16caps.pdf,16caps.pdf,Passed: 28,Failed: 1
file:///C|/Users/grant.ficek/Desktop/DrupalPDFs/16cdq_small_vessel_fishery.pdf,16cdq_small_vessel_fishery.pdf,Passed: 12,Failed: 17
file:///C|/Users/grant.ficek/Desktop/DrupalPDFs/16ffp_current.pdf,16ffp_current.pdf,Passed: 11,Failed: 18
file:///C|/Users/grant.ficek/Desktop/DrupalPDFs/16ffp_current_vessel.pdf,16ffp_current_vessel.pdf,Passed: 12,Failed: 17
file:///C|/Users/grant.ficek/Desktop/DrupalPDFs/16gafxferprices.pdf,16gafxferprices.pdf,Passed: 12,Failed: 17
file:///C|/Users/grant.ficek/Desktop/DrupalPDFs/16ifqcrew.pdf,16ifqcrew.pdf,Passed: 12,Failed: 17
file:///C|/Users/grant.ficek/Desktop/DrupalPDFs/16ifqhmonthly.pdf,16ifqhmonthly.pdf,Passed: 12,Failed: 17
file:///C|/Users/grant.ficek/Desktop/DrupalPDFs/16ifqhweekly.pdf,16ifqhweekly.pdf,Passed: 12,Failed: 17
file:///C|/Users/grant.ficek/Desktop/DrupalPDFs/16ifqport.pdf,16ifqport.pdf,Passed: 12,Failed: 17
file:///C|/Users/grant.ficek/Desktop/DrupalPDFs/16ifqportcodes.pdf,16ifqportcodes.pdf,Passed: 12,Failed: 17
file:///C|/Users/grant.ficek/Desktop/DrupalPDFs/16ifqtransfers.pdf,16ifqtransfers.pdf,Passed: 12,Failed: 17
file:///C|/Users/grant.ficek/Desktop/DrupalPDFs/amd7_bsaicrab.pdf,amd7_bsaicrab.Pdf,Passed: 12,Failed: 17
file:///C|/Users/grant.ficek/Desktop/DrupalPDFs/amd80-checklist.pdf,amd80-checklist.pdf,Passed: 27,Failed: 2
file:///C|/Users/grant.ficek/Desktop/DrupalPDFs/amd805yrreview1014.pdf,amd805yrreview1014.pdf,Passed: 22,Failed: 7
file:///C|/Users/grant.ficek/Desktop/DrupalPDFs/amd80qsapp.pdf,amd80qsapp.pdf,Passed: 21,Failed: 8
file:///C|/Users/grant.ficek/Desktop/DrupalPDFs/amd80transferappqs.pdf,amd80transferappqs.pdf,Passed: 22,Failed: 7
file:///C|/Users/grant.ficek/Desktop/DrupalPDFs/amd84fmp.pdf,amd84fmp.pdf,Passed: 12,Failed: 17
file:///C|/Users/grant.ficek/Desktop/DrupalPDFs/amd85.pdf,amd85.pdf,Passed: 9,Failed: 17
file:///C|/Users/grant.ficek/Desktop/DrupalPDFs/amd85_ce03009.pdf,amd85_ce03009.pdf,Passed: 11,Failed: 18
file:///C|/Users/grant.ficek/Desktop/DrupalPDFs/amd85socdraft.pdf,amd85socdraft.pdf,Passed: 8,Failed: 18
file:///C|/Users/grant.ficek/Desktop/DrupalPDFs/amd86.pdf,amd86.pdf,Passed: 12,Failed: 17
file:///C|/Users/grant.ficek/Desktop/DrupalPDFs/amd86_amd76_earirirfa0311.pdf,amd86_amd76_earirirfa0311.pdf,Passed: 10,Failed: 19
file:///C|/Users/grant.ficek/Desktop/DrupalPDFs/amd87.pdf,amd87.pdf,Passed: 12,Failed: 17
file:///C|/Users/grant.ficek/Desktop/DrupalPDFs/amd88_groundfish.pdf,amd88_groundfish.pdf,Passed: 25,Failed: 4
file:///C|/Users/grant.ficek/Desktop/DrupalPDFs/amd88txt.pdf,amd88txt.pdf,Passed: 26,Failed: 3
file:///C|/Users/grant.ficek/Desktop/DrupalPDFs/amd89goafmptext.pdf,amd89goafmptext.pdf,Passed: 12,Failed: 17
file:///C|/Users/grant.ficek/Desktop/DrupalPDFs/amd91rod_0510.pdf,amd91rod_0510.pdf,Passed: 11,Failed: 18
file:///C|/Users/grant.ficek/Desktop/DrupalPDFs/amd93ltr1211.pdf,amd93ltr1211.pdf,Passed: 11,Failed: 18
file:///C|/Users/grant.ficek/Desktop/DrupalPDFs/amd93txt.pdf,amd93txt.pdf,Passed: 27,Failed: 2
file:///C|/Users/grant.ficek/Desktop/DrupalPDFs/amd9_salmon.pdf,amd9_salmon.pdf,Passed: 25,Failed: 4
file:///C|/Users/grant.ficek/Desktop/DrupalPDFs/amds95-96.pdf,amds95-96.pdf,Passed: 12,Failed: 17
file:///C|/Users/grant.ficek/Desktop/DrupalPDFs/dorabay.pdf,dorabay.pdf,Passed: 11,Failed: 18
file:///C|/Users/grant.ficek/Desktop/DrupalPDFs/dorabaydock.pdf,dorabaydock.pdf,Passed: 11,Failed: 18
file:///C|/Users/grant.ficek/Desktop/DrupalPDFs/DOTHainesAir.pdf,DOTHainesAir.pdf,Passed: 11,Failed: 18
file:///C|/Users/grant.ficek/Desktop/DrupalPDFs/DOTICCAdraft.pdf,DOTICCAdraft.pdf,Passed: 11,Failed: 18
file:///C|/Users/grant.ficek/Desktop/DrupalPDFs/DOTklawockditchclearing103103.pdf,DOTklawockditchclearing103103.pdf,Passed: 11,Failed: 18
file:///C|/Users/grant.ficek/Desktop/DrupalPDFs/dotnorthernrailext.pdf,dotnorthernrailext.pdf,Passed: 11,Failed: 18
file:///C|/Users/grant.ficek/Desktop/DrupalPDFs/DOTSewardRabbit36.pdf,DOTSewardRabbit36.pdf,Passed: 11,Failed: 18
file:///C|/Users/grant.ficek/Desktop/DrupalPDFs/DOTSitkaFastFerry.pdf,DOTSitkaFastFerry.pdf,Passed: 11,Failed: 18
